{
    "renderOrder": [
        {
            "renderType": "kCustomShader",
            "renderId": "chromakey",
            "uniform": {
                "key_color": [
                    0.0,
                    0.0,
                    0.0,
                    0.0
                ],
                "green_params": [
                    0.413,
                    0.5,
                    1.0,
                    1.0
                ],
                "tex_rect":[
                    0.0,
                    0.0,
                    720.0,
                    1280.0
                ],
                "tex_protect_rect":[
                    0.0,
                    0.0,
                    0.0,
                    0.0
                ]
            },
            "vertexPath": "vs_simple.bin",
            "fragmentPath": "fs_chromakey.bin"
        }
    ]
}
